Reporting-starts,Reporting-ends,Ad-name,Platform,Placement,Impressions,Clicks,CPC,CTR,Leads,CPL,Spent
2025-01-01,2026-01-01,INST — 1 ,Instagram,Feed,15,0,0.00,0.00%,,,0.05
2025-01-01,2026-01-01,INST — 1 ,Instagram,Feed,1423,132,0.03,9.28%,22,,4.36
2025-01-01,2026-01-01,INST — 1 ,Instagram,Feed,19,3,0.01,15.79%,,,0.03
2025-01-01,2026-01-01,INST — 1 ,Instagram,Explore,69,2,0.07,2.90%,2,,0.13
2025-01-01,2026-01-01,INST — 1 ,Instagram,Profile feed,1,0,0.00,0.00%,,,0.00
2025-01-01,2026-01-01,INST — 1 ,Instagram,Instagram Reels,5277,399,0.02,7.56%,33,,9.13
2025-01-01,2026-01-01,INST — 1 ,Instagram,Instagram Stories,251,18,0.06,7.17%,4,,1.14
2025-01-01,2026-01-01,FB — 1,Facebook,Business Explore,2,0,0.00,0.00%,,,0.00
2025-01-01,2026-01-01,FB — 1,Facebook,Facebook Notifications,1,0,0.00,0.00%,,,0.00
2025-01-01,2026-01-01,FB — 1,Facebook,Facebook profile feed,3077,40,0.02,1.30%,1,,0.92
2025-01-01,2026-01-01,FB — 1,Facebook,Facebook Reels,181105,"2,030",0.02,1.12%,41,,34.56
2025-01-01,2026-01-01,FB — 1,Facebook,Ads on Facebook Reels,77,0,0.00,0.00%,,,0.06
2025-01-01,2026-01-01,FB — 1,Facebook,Facebook Stories,297425,"1,370",0.03,0.46%,34,,37.37
2025-01-01,2026-01-01,FB — 1,Facebook,Feed,2237,220,0.02,9.83%,3,,3.31
2025-01-01,2026-01-01,FB — 1,Facebook,Feed,185622,"12,377",0.02,6.67%,201,,267.72
2025-01-01,2026-01-01,FB — 1,Facebook,Feed,1477,112,0.02,7.58%,4,,1.91
2025-01-01,2026-01-01,FB — 1,Facebook,In-stream reels,7,0,0.00,0.00%,,,0.00
2025-01-01,2026-01-01,FB — 1,Facebook,In-stream reels,210572,"2,252",0.03,1.07%,98,,65.73
2025-01-01,2026-01-01,FB — 1,Facebook,Marketplace,317,18,0.02,5.68%,,,0.29
2025-01-01,2026-01-01,FB — 1,Facebook,Marketplace,63015,"1,542",0.04,2.45%,57,,55.56
2025-01-01,2026-01-01,FB — 1,Facebook,Right column,44184,140,0.02,0.32%,2,,3.16
2025-01-01,2026-01-01,FB — 1,Facebook,Search results,2303,18,0.03,0.78%,,,0.46
2025-01-01,2026-01-01,FB — 1,Facebook,Feed: video feeds,18,0,0.00,0.00%,,,0.01
2025-01-01,2026-01-01,FB — 1,Facebook,Feed: video feeds,18958,778,0.02,4.10%,18,,13.85
2025-01-01,2026-01-01,FB — 1,Instagram,Feed,1337,16,0.11,1.20%,1,,1.80
2025-01-01,2026-01-01,FB — 1,Instagram,Feed,2,0,0.00,0.00%,,,0.00
2025-01-01,2026-01-01,FB — 1,Instagram,Explore,50,1,0.01,2.00%,,,0.01
2025-01-01,2026-01-01,FB — 1,Instagram,Explore home,1,1,0.00,100.00%,,,0.00
2025-01-01,2026-01-01,FB — 1,Instagram,Instagram Reels,14324,159,0.04,1.11%,19,,7.04
2025-01-01,2026-01-01,FB — 1,Instagram,Instagram search results,9,0,0.00,0.00%,,,0.00
2025-01-01,2026-01-01,FB — 1,Instagram,Instagram Stories,25361,130,0.16,0.51%,9,,20.61
2025-01-01,2026-01-01,FB — 1,Messenger,Messenger inbox,170328,200,0.02,0.12%,11,,4.21
2025-01-01,2026-01-01,FB — 1,Messenger,Messenger Stories,2710,9,0.01,0.33%,1,,0.09
2025-01-01,2026-01-01,FB — 2,Facebook,Business Explore,1,0,0.00,0.00%,,,0.00
2025-01-01,2026-01-01,FB — 2,Facebook,Facebook profile feed,1849,25,0.02,1.35%,,,0.60
2025-01-01,2026-01-01,FB — 2,Facebook,Facebook Reels,25365,237,0.02,0.93%,,,5.65
2025-01-01,2026-01-01,FB — 2,Facebook,Ads on Facebook Reels,1,0,0.00,0.00%,,,0.00
2025-01-01,2026-01-01,FB — 2,Facebook,Facebook Stories,55965,559,0.05,1.00%,5,,27.38
2025-01-01,2026-01-01,FB — 2,Facebook,Feed,78,2,0.05,2.56%,,,0.09
2025-01-01,2026-01-01,FB — 2,Facebook,Feed,99568,"1,942",0.04,1.95%,24,,69.30
2025-01-01,2026-01-01,FB — 2,Facebook,Feed,638,9,0.05,1.41%,,,0.45
2025-01-01,2026-01-01,FB — 2,Facebook,In-stream reels,5,0,0.00,0.00%,,,0.00
2025-01-01,2026-01-01,FB — 2,Facebook,In-stream reels,221627,"2,304",0.03,1.04%,52,,75.50
2025-01-01,2026-01-01,FB — 2,Facebook,Marketplace,23,0,0.00,0.00%,,,0.00
2025-01-01,2026-01-01,FB — 2,Facebook,Marketplace,4001,17,0.06,0.42%,,,1.00
2025-01-01,2026-01-01,FB — 2,Facebook,Right column,48094,134,0.03,0.28%,4,,4.40
2025-01-01,2026-01-01,FB — 2,Facebook,Search results,2414,2,0.08,0.08%,,,0.16
2025-01-01,2026-01-01,FB — 2,Facebook,Feed: video feeds,1,0,0.00,0.00%,,,0.00
2025-01-01,2026-01-01,FB — 2,Facebook,Feed: video feeds,2494,74,0.03,2.97%,1,,2.16
2025-01-01,2026-01-01,FB — 2,Instagram,Feed,2262,18,0.16,0.80%,,,2.86
2025-01-01,2026-01-01,FB — 2,Instagram,Feed,3,0,0.00,0.00%,,,0.00
2025-01-01,2026-01-01,FB — 2,Instagram,Explore,72,1,0.06,1.39%,,,0.06
2025-01-01,2026-01-01,FB — 2,Instagram,Instagram Reels,17066,150,0.06,0.88%,2,,8.79
2025-01-01,2026-01-01,FB — 2,Instagram,Instagram search results,21,0,0.00,0.00%,,,0.00
2025-01-01,2026-01-01,FB — 2,Instagram,Instagram Stories,46267,212,0.20,0.46%,3,,41.70
2025-01-01,2026-01-01,FB — 2,Messenger,Messenger inbox,54608,63,0.02,0.12%,,,1.09
2025-01-01,2026-01-01,FB — 2,Messenger,Messenger Stories,1752,3,0.02,0.17%,,,0.07
2025-01-01,2026-01-01,FB — 3,Facebook,Business Explore,2,0,0.00,0.00%,,,0.00
2025-01-01,2026-01-01,FB — 3,Facebook,Facebook profile feed,607,10,0.03,1.65%,1,,0.32
2025-01-01,2026-01-01,FB — 3,Facebook,Facebook Reels,29676,239,0.02,0.81%,4,,4.75
2025-01-01,2026-01-01,FB — 3,Facebook,Ads on Facebook Reels,21,0,0.00,0.00%,,,0.02
2025-01-01,2026-01-01,FB — 3,Facebook,Facebook Stories,70392,472,0.04,0.67%,3,,16.56
2025-01-01,2026-01-01,FB — 3,Facebook,Feed,96,4,0.04,4.17%,,,0.16
2025-01-01,2026-01-01,FB — 3,Facebook,Feed,51462,"1,333",0.03,2.59%,38,,41.88
2025-01-01,2026-01-01,FB — 3,Facebook,Feed,264,12,0.02,4.55%,1,,0.19
2025-01-01,2026-01-01,FB — 3,Facebook,In-stream reels,15,1,0.01,6.67%,,,0.01
2025-01-01,2026-01-01,FB — 3,Facebook,In-stream reels,136536,"1,497",0.03,1.10%,49,,48.16
2025-01-01,2026-01-01,FB — 3,Facebook,Marketplace,5,0,0.00,0.00%,,,0.01
2025-01-01,2026-01-01,FB — 3,Facebook,Marketplace,7274,43,0.07,0.59%,2,,2.90
2025-01-01,2026-01-01,FB — 3,Facebook,Right column,29092,82,0.03,0.28%,3,,2.77
2025-01-01,2026-01-01,FB — 3,Facebook,Search results,1272,4,0.03,0.31%,,,0.13
2025-01-01,2026-01-01,FB — 3,Facebook,Feed: video feeds,2,0,0.00,0.00%,,,0.00
2025-01-01,2026-01-01,FB — 3,Facebook,Feed: video feeds,2995,139,0.02,4.64%,2,,2.88
2025-01-01,2026-01-01,FB — 3,Instagram,Feed,4709,38,0.15,0.81%,1,,5.78
2025-01-01,2026-01-01,FB — 3,Instagram,Feed,2,0,0.00,0.00%,,,0.00
2025-01-01,2026-01-01,FB — 3,Instagram,Explore,46,0,0.00,0.00%,,,0.01
2025-01-01,2026-01-01,FB — 3,Instagram,Explore home,1,0,0.00,0.00%,,,0.00
2025-01-01,2026-01-01,FB — 3,Instagram,Instagram Reels,5532,76,0.06,1.37%,1,,4.70
2025-01-01,2026-01-01,FB — 3,Instagram,Instagram search results,7,0,0.00,0.00%,,,0.00
2025-01-01,2026-01-01,FB — 3,Instagram,Instagram Stories,106241,509,0.16,0.48%,11,,83.41
2025-01-01,2026-01-01,FB — 3,Messenger,Messenger inbox,82761,87,0.03,0.11%,2,,2.21
2025-01-01,2026-01-01,FB — 3,Messenger,Messenger Stories,1752,4,0.02,0.23%,,,0.07
2025-01-01,2026-01-01,FB — 4,Facebook,Business Explore,3,0,0.00,0.00%,,,0.00
2025-01-01,2026-01-01,FB — 4,Facebook,Facebook Notifications,1,0,0.00,0.00%,,,0.00
2025-01-01,2026-01-01,FB — 4,Facebook,Facebook profile feed,4139,43,0.03,1.04%,,,1.44
2025-01-01,2026-01-01,FB — 4,Facebook,Facebook Reels,198251,"1,658",0.02,0.84%,61,,32.09
2025-01-01,2026-01-01,FB — 4,Facebook,Ads on Facebook Reels,4,0,0.00,0.00%,,,0.00
2025-01-01,2026-01-01,FB — 4,Facebook,Facebook Stories,442429,"2,193",0.02,0.50%,39,,51.02
2025-01-01,2026-01-01,FB — 4,Facebook,Feed,884,50,0.02,5.66%,,,1.12
2025-01-01,2026-01-01,FB — 4,Facebook,Feed,329724,"14,820",0.03,4.49%,354,,393.63
2025-01-01,2026-01-01,FB — 4,Facebook,Feed,2192,107,0.03,4.88%,,,2.69
2025-01-01,2026-01-01,FB — 4,Facebook,In-stream reels,27,0,0.00,0.00%,,,0.01
2025-01-01,2026-01-01,FB — 4,Facebook,In-stream reels,387619,"4,215",0.03,1.09%,133,,123.15
2025-01-01,2026-01-01,FB — 4,Facebook,Marketplace,192,15,0.02,7.81%,,,0.29
2025-01-01,2026-01-01,FB — 4,Facebook,Marketplace,203466,"6,526",0.04,3.21%,188,,273.24
2025-01-01,2026-01-01,FB — 4,Facebook,Right column,90041,218,0.03,0.24%,,,6.32
2025-01-01,2026-01-01,FB — 4,Facebook,Search results,5902,26,0.02,0.44%,,,0.48
2025-01-01,2026-01-01,FB — 4,Facebook,Feed: video feeds,12,0,0.00,0.00%,,,0.01
2025-01-01,2026-01-01,FB — 4,Facebook,Feed: video feeds,22712,773,0.02,3.40%,58,,16.69
2025-01-01,2026-01-01,FB — 4,Instagram,Feed,6593,70,0.11,1.06%,,,7.43
2025-01-01,2026-01-01,FB — 4,Instagram,Feed,2,0,0.00,0.00%,,,0.00
2025-01-01,2026-01-01,FB — 4,Instagram,Explore,116,0,0.00,0.00%,,,0.03
2025-01-01,2026-01-01,FB — 4,Instagram,Explore home,3,0,0.00,0.00%,,,0.00
2025-01-01,2026-01-01,FB — 4,Instagram,Instagram Reels,23695,184,0.07,0.78%,5,,12.18
2025-01-01,2026-01-01,FB — 4,Instagram,Instagram search results,22,0,0.00,0.00%,,,0.02
2025-01-01,2026-01-01,FB — 4,Instagram,Instagram Stories,113374,578,0.16,0.51%,14,,90.19
2025-01-01,2026-01-01,FB — 4,Messenger,Messenger inbox,164570,253,0.02,0.15%,9,,5.45
2025-01-01,2026-01-01,FB — 4,Messenger,Messenger Stories,3156,6,0.03,0.19%,,,0.17
2025-01-01,2026-01-01,FB — 5,Audience Network,"Native, banner & interstitial",47,1,0.17,2.13%,,,0.17
2025-01-01,2026-01-01,FB — 5,Audience Network,Rewarded video,1,0,0.00,0.00%,,,0.00
2025-01-01,2026-01-01,FB — 5,Facebook,Business Explore,68,0,0.00,0.00%,,,0.04
2025-01-01,2026-01-01,FB — 5,Facebook,Facebook Notifications,31,7,0.17,22.58%,,,1.18
2025-01-01,2026-01-01,FB — 5,Facebook,Facebook profile feed,5,0,0.00,0.00%,,,0.04
2025-01-01,2026-01-01,FB — 5,Facebook,Facebook Reels,1317,11,0.18,0.84%,1,,2.02
2025-01-01,2026-01-01,FB — 5,Facebook,Ads on Facebook Reels,2374,11,0.11,0.46%,,,1.24
2025-01-01,2026-01-01,FB — 5,Facebook,Facebook Stories,163,9,0.08,5.52%,,,0.71
2025-01-01,2026-01-01,FB — 5,Facebook,Feed,69,2,0.23,2.90%,,,0.47
2025-01-01,2026-01-01,FB — 5,Facebook,Feed,7351,117,0.14,1.59%,13,,15.92
2025-01-01,2026-01-01,FB — 5,Facebook,Feed,71,2,0.07,2.82%,,,0.14
2025-01-01,2026-01-01,FB — 5,Facebook,In-stream reels,26,0,0.00,0.00%,,,0.00
2025-01-01,2026-01-01,FB — 5,Facebook,In-stream reels,8507,68,0.08,0.80%,7,,5.14
2025-01-01,2026-01-01,FB — 5,Facebook,Marketplace,4,0,0.00,0.00%,,,0.02
2025-01-01,2026-01-01,FB — 5,Facebook,Marketplace,453,0,0.00,0.00%,,,1.15
2025-01-01,2026-01-01,FB — 5,Facebook,Right column,1636,0,0.00,0.00%,,,0.95
2025-01-01,2026-01-01,FB — 5,Facebook,Search results,69,0,0.00,0.00%,,,0.03
2025-01-01,2026-01-01,FB — 5,Facebook,Feed: video feeds,1,0,0.00,0.00%,,,0.00
2025-01-01,2026-01-01,FB — 5,Facebook,Feed: video feeds,801,10,0.10,1.25%,1,,0.96
2025-01-01,2026-01-01,FB — 5,Instagram,Feed,135,0,0.00,0.00%,,,0.70
2025-01-01,2026-01-01,FB — 5,Instagram,Explore,140,0,0.00,0.00%,,,0.17
2025-01-01,2026-01-01,FB — 5,Instagram,Instagram Reels,220,0,0.00,0.00%,,,0.80
2025-01-01,2026-01-01,FB — 5,Instagram,Instagram Stories,345,0,0.00,0.00%,,,1.70
2025-01-01,2026-01-01,FB — 5,Messenger,Messenger inbox,153,0,0.00,0.00%,,,0.28
2025-01-01,2026-01-01,FB — 5,Messenger,Messenger Stories,12,0,0.00,0.00%,,,0.00
2025-01-01,2026-01-01,INST — 2,Instagram,Feed,28,6,0.03,21.43%,,,0.15
2025-01-01,2026-01-01,INST — 2,Instagram,Feed,5757,332,0.03,5.77%,24,,11.60
2025-01-01,2026-01-01,INST — 2,Instagram,Feed,19,3,0.03,15.79%,,,0.08
2025-01-01,2026-01-01,INST — 2,Instagram,Explore,2191,32,0.04,1.46%,,,1.15
2025-01-01,2026-01-01,INST — 2,Instagram,Instagram Reels,2923,245,0.03,8.38%,15,,6.66
2025-01-01,2026-01-01,INST — 2,Instagram,Instagram Stories,537,10,0.04,1.86%,,,0.35
2025-01-01,2026-01-01,INST — 2,Instagram,Feed,1,0,0.00,0.00%,,,0.00
2025-01-01,2026-01-01,INST — 2,Instagram,Feed,445,13,0.07,2.92%,,,0.95
2025-01-01,2026-01-01,INST — 2,Instagram,Feed,3,1,0.03,33.33%,,,0.03
2025-01-01,2026-01-01,INST — 2,Instagram,Explore,183,0,0.00,0.00%,,,0.12
2025-01-01,2026-01-01,INST — 2,Instagram,Instagram Reels,5098,67,0.06,1.31%,1,,4.20
2025-01-01,2026-01-01,INST — 2,Instagram,Instagram Stories,982,12,0.05,1.22%,,,0.58
2025-01-01,2026-01-01,INST — 3,Facebook,Facebook Stories,9,1,0.11,11.11%,,,0.11
2025-01-01,2026-01-01,INST — 3,Facebook,Feed,2,0,0.00,0.00%,,,0.02
2025-01-01,2026-01-01,INST — 3,Facebook,Feed,394,7,0.42,1.78%,1,,2.95
2025-01-01,2026-01-01,INST — 3,Facebook,Feed,5,0,0.00,0.00%,,,0.02
2025-01-01,2026-01-01,INST — 3,Facebook,Feed: video feeds,10,0,0.00,0.00%,,,0.14
2025-01-01,2026-01-01,INST — 3,Instagram,Instagram Stories,15,0,0.00,0.00%,,,0.09
2025-01-01,2026-01-01,INST — 4,Facebook,Facebook Stories,28,0,0.00,0.00%,,,0.52
2025-01-01,2026-01-01,INST — 4,Instagram,Instagram Stories,211,1,1.47,0.47%,1,,1.47
2025-01-01,2026-01-01,INST — 5,Facebook,Facebook Stories,90,6,0.24,6.67%,,,1.44
2025-01-01,2026-01-01,INST — 5,Facebook,Feed,18,0,0.00,0.00%,,,0.19
2025-01-01,2026-01-01,INST — 5,Facebook,Feed,1476,40,0.23,2.71%,1,,9.32
2025-01-01,2026-01-01,INST — 5,Facebook,Feed,58,5,0.11,8.62%,,,0.56
2025-01-01,2026-01-01,INST — 5,Facebook,Feed: video feeds,377,32,0.07,8.49%,1,,2.37
2025-01-01,2026-01-01,INST — 6,Facebook,Facebook Stories,4171,672,0.01,16.11%,13,,7.06
2025-01-01,2026-01-01,INST — 6,Facebook,Feed,3872,258,0.02,6.66%,,,5.82
2025-01-01,2026-01-01,INST — 6,Facebook,Feed,32,2,0.03,6.25%,,,0.06
2025-01-01,2026-01-01,INST — 6,Facebook,Feed: video feeds,1002,54,0.02,5.39%,1,,1.22
2025-01-01,2026-01-01,INST — 6,Instagram,Instagram Stories,3,0,0.00,0.00%,,,0.00
2025-01-01,2026-01-01,INST — 6,Instagram,Instagram Stories,49658,592,0.06,1.19%,12,,37.71
2025-01-01,2026-01-01,INST — 6,Instagram,Instagram Stories,33,0,0.00,0.00%,,,0.05
2025-01-01,2026-01-01,INST — 7,Facebook,Facebook Reels,32,1,0.01,3.13%,,,0.01
2025-01-01,2026-01-01,INST — 7,Facebook,Facebook Stories,18,1,0.03,5.56%,,,0.03
2025-01-01,2026-01-01,INST — 7,Facebook,Feed,1960,103,0.03,5.26%,,,2.85
2025-01-01,2026-01-01,INST — 7,Facebook,Search results,1,0,0.00,0.00%,,,0.00
2025-01-01,2026-01-01,INST — 7,Facebook,Feed: video feeds,777,41,0.03,5.28%,,,1.11
2025-01-01,2026-01-01,INST — 7,Instagram,Instagram Reels,1910,182,0.02,9.53%,8,,3.55
2025-01-01,2026-01-01,INST — 7,Instagram,Instagram Stories,11,0,0.00,0.00%,,,0.01
2025-01-01,2026-01-01,INST — 7,Instagram,Instagram Stories,8371,299,0.03,3.57%,11,,9.87
2025-01-01,2026-01-01,INST — 7,Instagram,Instagram Stories,10,1,0.00,10.00%,1,,0.00
2025-01-01,2026-01-01,INST — 8,Facebook,Facebook Reels,294,21,0.13,7.14%,1,,2.69
2025-01-01,2026-01-01,INST — 8,Facebook,Facebook Reels,4,1,0.03,25.00%,,,0.03
2025-01-01,2026-01-01,INST — 8,Facebook,Facebook Stories,1,0,0.00,0.00%,,,0.00
2025-01-01,2026-01-01,INST — 8,Facebook,Feed,251,8,0.20,3.19%,,,1.61
2025-01-01,2026-01-01,INST — 8,Facebook,In-stream reels,6,1,0.04,16.67%,,,0.04
2025-01-01,2026-01-01,INST — 8,Facebook,Feed: video feeds,15,2,0.07,13.33%,,,0.13
2025-01-01,2026-01-01,INST — 8,Instagram,Feed,8,1,0.09,12.50%,,,0.09
2025-01-01,2026-01-01,INST — 8,Instagram,Instagram Reels,104,2,0.31,1.92%,,,0.62
2025-01-01,2026-01-01,INST — 8,Instagram,Instagram Stories,16,0,0.00,0.00%,,,0.15
2025-01-01,2026-01-01,INST — 9,Instagram,Instagram Reels,1524,42,0.04,2.76%,1,,1.73
2025-01-01,2026-01-01,INST — 9,Instagram,Instagram Stories,13999,168,0.07,1.20%,1,,12.01
2025-01-01,2026-01-01,INST — 9,Instagram,Instagram Stories,1,0,0.00,0.00%,,,0.00
2025-01-01,2026-01-01,INST — 10,Instagram,Instagram Reels,4500,42,0.08,0.93%,,,3.32
2025-01-01,2026-01-01,INST — 10,Instagram,Instagram Stories,32653,259,0.07,0.79%,2,,16.89
2025-01-01,2026-01-01,INST — 10,Instagram,Instagram Stories,1,0,0.00,0.00%,,,0.00
2025-01-01,2026-01-01,INST — 11,Instagram,Feed,2,0,0.00,0.00%,,,0.02
2025-01-01,2026-01-01,INST — 11,Instagram,Feed,6300,102,0.09,1.62%,1,,8.74
2025-01-01,2026-01-01,INST — 11,Instagram,Feed,9,0,0.00,0.00%,,,0.00
2025-01-01,2026-01-01,INST — 11,Instagram,Explore,97,0,0.00,0.00%,,,0.02
2025-01-01,2026-01-01,INST — 11,Instagram,Explore home,2,0,0.00,0.00%,,,0.00
2025-01-01,2026-01-01,INST — 12,Instagram,Instagram Stories,1,0,0.00,0.00%,,,0.00
2025-01-01,2026-01-01,INST — 12,Instagram,Instagram Stories,2022,18,0.09,0.89%,,,1.53
2025-01-01,2026-01-01,INST — 12,Instagram,Instagram Stories,9,1,0.01,11.11%,,,0.01
2025-01-01,2026-01-01,INST — 13,Instagram,Feed,3,1,0.01,33.33%,,,0.01
2025-01-01,2026-01-01,INST — 13,Instagram,Feed,981,15,0.12,1.53%,,,1.80
2025-01-01,2026-01-01,INST — 13,Instagram,Explore,9,0,0.00,0.00%,,,0.00
2025-01-01,2026-01-01,INST — 13,Instagram,Explore home,1,0,0.00,0.00%,,,0.00
2025-01-01,2026-01-01,INST — 14,Instagram,Feed,19982,441,0.07,2.21%,12,,28.95
2025-01-01,2026-01-01,INST — 14,Instagram,Feed,1,0,0.00,0.00%,,,0.00
2025-01-01,2026-01-01,INST — 14,Instagram,Explore,644,6,0.08,0.93%,,,0.47
2025-01-01,2026-01-01,INST — 15,Instagram,Instagram Reels,8,0,0.00,0.00%,,,0.00
2025-01-01,2026-01-01,INST — 15,Instagram,Instagram Stories,1797,32,0.06,1.78%,,,2.03
2025-01-01,2026-01-01,INST — 15,Instagram,Instagram Stories,1,0,0.00,0.00%,,,0.00
2025-01-01,2026-01-01,INST — 15,Instagram,Instagram Reels,3,0,0.00,0.00%,,,0.01
2025-01-01,2026-01-01,INST — 15,Instagram,Instagram Stories,1166,16,0.11,1.37%,,,1.74
2025-01-01,2026-01-01,INST — 16,Instagram,Instagram Reels,759,32,0.03,4.22%,4,,0.95
2025-01-01,2026-01-01,INST — 16,Instagram,Instagram Stories,3,0,0.00,0.00%,,,0.00
2025-01-01,2026-01-01,INST — 16,Instagram,Instagram Stories,16452,227,0.07,1.38%,3,,15.19
2025-01-01,2026-01-01,INST — 16,Instagram,Instagram Stories,2,1,0.00,50.00%,,,0.00
2025-01-01,2026-01-01,INST — 13,Instagram,Feed,18,2,0.04,11.11%,,,0.08
2025-01-01,2026-01-01,INST — 13,Instagram,Feed,17024,443,0.08,2.60%,5,,36.36
2025-01-01,2026-01-01,INST — 13,Instagram,Feed,48,4,0.03,8.33%,,,0.13
2025-01-01,2026-01-01,INST — 13,Instagram,Explore,451,7,0.03,1.55%,,,0.24
2025-01-01,2026-01-01,INST — 13,Instagram,Explore home,46,0,0.00,0.00%,,,0.04
2025-01-01,2026-01-01,INST — 17,Instagram,Instagram Reels,364,6,0.05,1.65%,,,0.28
2025-01-01,2026-01-01,INST — 17,Instagram,Instagram Stories,6805,128,0.07,1.88%,,,9.34
2025-01-01,2026-01-01,INST — 18,Instagram,Instagram Reels,748,5,0.11,0.67%,,,0.57
2025-01-01,2026-01-01,INST — 18,Instagram,Instagram Stories,6172,138,0.06,2.24%,,,8.68
2025-01-01,2026-01-01,FB — 6,Facebook,Business Explore,9,0,0.00,0.00%,,,0.00
2025-01-01,2026-01-01,FB — 6,Facebook,Facebook profile feed,187,9,0.01,4.81%,,,0.13
2025-01-01,2026-01-01,FB — 6,Facebook,Facebook Reels,155642,"1,872",0.07,1.20%,79,,126.24
2025-01-01,2026-01-01,FB — 6,Facebook,Ads on Facebook Reels,78,0,0.00,0.00%,,,0.06
2025-01-01,2026-01-01,FB — 6,Facebook,Facebook Stories,13807,156,0.12,1.13%,6,,19.35
2025-01-01,2026-01-01,FB — 6,Facebook,Feed,2,0,0.00,0.00%,,,0.33
2025-01-01,2026-01-01,FB — 6,Facebook,Feed,27515,"1,267",0.03,4.60%,63,,33.32
2025-01-01,2026-01-01,FB — 6,Facebook,Feed,1,0,0.00,0.00%,,,0.00
2025-01-01,2026-01-01,FB — 6,Facebook,In-stream reels,10,0,0.00,0.00%,,,0.00
2025-01-01,2026-01-01,FB — 6,Facebook,In-stream reels,12690,567,0.03,4.47%,12,,18.34
2025-01-01,2026-01-01,FB — 6,Facebook,Search results,4,0,0.00,0.00%,,,0.00
2025-01-01,2026-01-01,FB — 6,Facebook,Feed: video feeds,138,12,0.03,8.70%,1,,0.34
2025-01-01,2026-01-01,FB — 6,Instagram,Feed,9708,164,0.21,1.69%,7,,33.87
2025-01-01,2026-01-01,FB — 6,Instagram,Explore,33,0,0.00,0.00%,,,0.04
2025-01-01,2026-01-01,FB — 6,Instagram,Instagram Reels,35,3,0.01,8.57%,,,0.03
2025-01-01,2026-01-01,FB — 6,Instagram,Instagram search results,1,1,0.00,100.00%,,,0.00
2025-01-01,2026-01-01,FB — 6,Instagram,Instagram Stories,1,0,0.00,0.00%,,,0.00
2025-01-01,2026-01-01,FB — 6,Instagram,Instagram Stories,78320,451,0.13,0.58%,18,,60.88
2025-01-01,2026-01-01,FB — 6,Messenger,Messenger Stories,3,0,0.00,0.00%,,,0.00
2025-01-01,2026-01-01,FB — 7,Facebook,Business Explore,2,0,0.00,0.00%,,,0.00
2025-01-01,2026-01-01,FB — 7,Facebook,Facebook profile feed,23,0,0.00,0.00%,,,0.00
2025-01-01,2026-01-01,FB — 7,Facebook,Facebook Reels,27928,212,0.07,0.76%,3,,15.84
2025-01-01,2026-01-01,FB — 7,Facebook,Ads on Facebook Reels,1,0,0.00,0.00%,,,0.00
2025-01-01,2026-01-01,FB — 7,Facebook,Facebook Stories,7155,50,0.15,0.70%,,,7.32
2025-01-01,2026-01-01,FB — 7,Facebook,Feed,2447,61,0.04,2.49%,,,2.36
2025-01-01,2026-01-01,FB — 7,Facebook,In-stream reels,14,0,0.00,0.00%,,,0.00
2025-01-01,2026-01-01,FB — 7,Facebook,In-stream reels,14792,605,0.03,4.09%,14,,20.10
2025-01-01,2026-01-01,FB — 7,Facebook,Feed: video feeds,22,3,0.02,13.64%,,,0.07
2025-01-01,2026-01-01,FB — 7,Instagram,Feed,4220,41,0.25,0.97%,,,10.29
2025-01-01,2026-01-01,FB — 7,Instagram,Explore,18,0,0.00,0.00%,,,0.02
2025-01-01,2026-01-01,FB — 7,Instagram,Instagram Reels,77,1,0.11,1.30%,,,0.11
2025-01-01,2026-01-01,FB — 7,Instagram,Instagram Stories,63805,331,0.16,0.52%,3,,53.72
2025-01-01,2026-01-01,INST — 19,Instagram,Feed,77,1,0.18,1.30%,,,0.18
2025-01-01,2026-01-01,INST — 19,Instagram,Feed,3599,11,0.28,0.31%,,,3.09
2025-01-01,2026-01-01,INST — 20,Instagram,Instagram Reels,5185,44,0.04,0.85%,,,1.89
2025-01-01,2026-01-01,INST — 20,Instagram,Instagram Stories,1,0,0.00,0.00%,,,0.00
2025-01-01,2026-01-01,INST — 20,Instagram,Instagram Stories,34944,270,0.05,0.77%,3,,14.26
2025-01-01,2026-01-01,INST — 20,Instagram,Instagram Stories,4,0,0.00,0.00%,,,0.00
2025-01-01,2026-01-01,INST — 21,Instagram,Instagram Stories,7,0,0.00,0.00%,,,0.00
2025-01-01,2026-01-01,INST — 21,Instagram,Instagram Stories,29300,183,0.08,0.62%,2,,15.52
2025-01-01,2026-01-01,INST — 21,Instagram,Instagram Stories,96,0,0.00,0.00%,,,0.02
2025-01-01,2026-01-01,INST — 22,Instagram,Feed,23540,377,0.05,1.60%,4,,19.86
2025-01-01,2026-01-01,INST — 22,Instagram,Feed,3,0,0.00,0.00%,,,0.00
2025-01-01,2026-01-01,INST — 23,Instagram,Instagram Reels,8563,62,0.10,0.72%,1,,6.43
2025-01-01,2026-01-01,INST — 23,Instagram,Instagram Stories,11086,103,0.09,0.93%,,,8.80
2025-01-01,2026-01-01,INST — 24,Instagram,Instagram Reels,8176,114,0.11,1.39%,1,,12.05
2025-01-01,2026-01-01,INST — 24,Instagram,Instagram Stories,6103,66,0.11,1.08%,,,7.13
2025-01-01,2026-01-01,FB — 8,Facebook,Facebook Reels,20,0,0.00,0.00%,,,0.05
2025-01-01,2026-01-01,FB — 8,Facebook,Ads on Facebook Reels,33,0,0.00,0.00%,,,0.01
2025-01-01,2026-01-01,FB — 8,Facebook,Feed,7,0,0.00,0.00%,,,0.06
2025-01-01,2026-01-01,FB — 8,Facebook,Feed,2,0,0.00,0.00%,,,0.00
2025-01-01,2026-01-01,FB — 8,Facebook,In-stream reels,2,0,0.00,0.00%,,,0.00
2025-01-01,2026-01-01,FB — 8,Instagram,Feed,3,0,0.00,0.00%,,,0.02
2025-01-01,2026-01-01,FB — 8,Instagram,Explore home,1,0,0.00,0.00%,,,0.00
2025-01-01,2026-01-01,FB — 8,Instagram,Instagram Reels,25,0,0.00,0.00%,,,0.10
2025-01-01,2026-01-01,FB — 8,Instagram,Instagram Stories,1,0,0.00,0.00%,,,0.01
2025-01-01,2026-01-01,FB — 8,Messenger,Messenger Stories,40,0,0.00,0.00%,,,0.01
2025-01-01,2026-01-01,FB — 9,Facebook,Business Explore,1,0,0.00,0.00%,,,0.00
2025-01-01,2026-01-01,FB — 9,Facebook,Facebook profile feed,1,0,0.00,0.00%,,,0.01
2025-01-01,2026-01-01,FB — 9,Facebook,Facebook Reels,157,7,0.13,4.46%,,,0.88
2025-01-01,2026-01-01,FB — 9,Facebook,Ads on Facebook Reels,137,0,0.00,0.00%,,,0.16
2025-01-01,2026-01-01,FB — 9,Facebook,Facebook Stories,1,0,0.00,0.00%,,,0.00
2025-01-01,2026-01-01,FB — 9,Facebook,Feed,2,0,0.00,0.00%,,,0.02
2025-01-01,2026-01-01,FB — 9,Facebook,Feed,97,7,0.17,7.22%,,,1.16
2025-01-01,2026-01-01,FB — 9,Facebook,Feed,10,0,0.00,0.00%,,,0.10
2025-01-01,2026-01-01,FB — 9,Facebook,In-stream reels,5,0,0.00,0.00%,,,0.00
2025-01-01,2026-01-01,FB — 9,Facebook,In-stream reels,7,0,0.00,0.00%,,,0.01
2025-01-01,2026-01-01,FB — 9,Instagram,Feed,1,0,0.00,0.00%,,,0.00
2025-01-01,2026-01-01,FB — 9,Instagram,Feed,34,2,0.14,5.88%,,,0.28
2025-01-01,2026-01-01,FB — 9,Instagram,Feed,3,0,0.00,0.00%,,,0.00
2025-01-01,2026-01-01,FB — 9,Instagram,Instagram Reels,251,7,0.17,2.79%,,,1.19
2025-01-01,2026-01-01,FB — 9,Instagram,Instagram Stories,18,2,0.10,11.11%,,,0.19
2025-01-01,2026-01-01,FB — 9,Instagram,Instagram Stories,1,0,0.00,0.00%,,,0.00
2025-01-01,2026-01-01,FB — 9,Messenger,Messenger Stories,19,0,0.00,0.00%,,,0.20
2025-01-01,2026-01-01,FB — 9,Threads,Threads feed,5,0,0.00,0.00%,,,0.00
2025-01-01,2026-01-01,FB — 10,Facebook,Facebook Reels,389,7,0.36,1.80%,,,2.51
2025-01-01,2026-01-01,FB — 10,Facebook,Ads on Facebook Reels,180,0,0.00,0.00%,,,0.23
2025-01-01,2026-01-01,FB — 10,Facebook,Facebook Stories,1,0,0.00,0.00%,,,0.00
2025-01-01,2026-01-01,FB — 10,Facebook,Feed,89,6,0.10,6.74%,,,0.58
2025-01-01,2026-01-01,FB — 10,Facebook,Feed,3,0,0.00,0.00%,,,0.03
2025-01-01,2026-01-01,FB — 10,Facebook,In-stream reels,2,0,0.00,0.00%,,,0.00
2025-01-01,2026-01-01,FB — 10,Facebook,In-stream reels,25,0,0.00,0.00%,,,0.06
2025-01-01,2026-01-01,FB — 10,Facebook,Search results,1,0,0.00,0.00%,,,0.00
2025-01-01,2026-01-01,FB — 10,Instagram,Feed,4,0,0.00,0.00%,,,0.02
2025-01-01,2026-01-01,FB — 10,Instagram,Instagram Reels,2043,80,0.15,3.92%,,,11.94
2025-01-01,2026-01-01,FB — 10,Instagram,Instagram Stories,128,5,0.32,3.91%,,,1.60
2025-01-01,2026-01-01,FB — 10,Messenger,Messenger Stories,46,0,0.00,0.00%,,,0.00
2025-01-01,2026-01-01,FB — 11,Facebook,Business Explore,3,0,0.00,0.00%,,,0.00
2025-01-01,2026-01-01,FB — 11,Facebook,Facebook Reels,2496,135,0.19,5.41%,,,25.69
2025-01-01,2026-01-01,FB — 11,Facebook,Ads on Facebook Reels,1230,20,0.16,1.63%,,,3.10
2025-01-01,2026-01-01,FB — 11,Facebook,Facebook Stories,1,0,0.00,0.00%,,,0.11
2025-01-01,2026-01-01,FB — 11,Facebook,Feed,28,4,0.07,14.29%,,,0.26
2025-01-01,2026-01-01,FB — 11,Facebook,Feed,367,16,0.19,4.36%,,,3.06
2025-01-01,2026-01-01,FB — 11,Facebook,Feed,36,2,0.14,5.56%,,,0.27
2025-01-01,2026-01-01,FB — 11,Facebook,In-stream reels,1,0,0.00,0.00%,,,0.00
2025-01-01,2026-01-01,FB — 11,Facebook,In-stream reels,161,1,0.67,0.62%,,,0.67
2025-01-01,2026-01-01,FB — 11,Facebook,Search results,103,0,0.00,0.00%,,,0.12
2025-01-01,2026-01-01,FB — 11,Facebook,Feed: video feeds,18,4,0.05,22.22%,,,0.21
2025-01-01,2026-01-01,FB — 11,Instagram,Feed,2,0,0.00,0.00%,,,0.02
2025-01-01,2026-01-01,FB — 11,Instagram,Feed,63,3,0.23,4.76%,,,0.70
2025-01-01,2026-01-01,FB — 11,Instagram,Feed,7,1,0.09,14.29%,,,0.09
2025-01-01,2026-01-01,FB — 11,Instagram,Instagram Reels,10178,477,0.11,4.69%,3,,54.54
2025-01-01,2026-01-01,FB — 11,Instagram,Instagram Stories,330,19,0.17,5.76%,,,3.29
2025-01-01,2026-01-01,FB — 11,Instagram,Instagram Stories,1,0,0.00,0.00%,,,0.00
2025-01-01,2026-01-01,FB — 11,Messenger,Messenger Stories,5,0,0.00,0.00%,,,0.11
2025-01-01,2026-01-01,FB — 11,Threads,Threads feed,11,0,0.00,0.00%,,,0.05
2025-01-01,2026-01-01,FB — 12,Facebook,Facebook Reels,101,0,0.00,0.00%,,,0.77
2025-01-01,2026-01-01,FB — 12,Facebook,Ads on Facebook Reels,207,4,0.09,1.93%,,,0.36
2025-01-01,2026-01-01,FB — 12,Facebook,Feed,1,0,0.00,0.00%,,,0.00
2025-01-01,2026-01-01,FB — 12,Facebook,Feed,13,0,0.00,0.00%,,,0.12
2025-01-01,2026-01-01,FB — 12,Facebook,Feed,1,1,0.03,100.00%,,,0.03
2025-01-01,2026-01-01,FB — 12,Facebook,In-stream reels,10,0,0.00,0.00%,,,0.07
2025-01-01,2026-01-01,FB — 12,Facebook,Search results,3,0,0.00,0.00%,,,0.00
2025-01-01,2026-01-01,FB — 12,Instagram,Feed,2,0,0.00,0.00%,,,0.01
2025-01-01,2026-01-01,FB — 12,Instagram,Feed,10,2,0.04,20.00%,,,0.07
2025-01-01,2026-01-01,FB — 12,Instagram,Explore,1,0,0.00,0.00%,,,0.01
2025-01-01,2026-01-01,FB — 12,Instagram,Instagram Reels,218,6,0.20,2.75%,,,1.20
2025-01-01,2026-01-01,FB — 12,Instagram,Instagram Stories,34,3,0.12,8.82%,,,0.35
2025-01-01,2026-01-01,FB — 12,Messenger,Messenger Stories,6,0,0.00,0.00%,,,0.08
2025-01-01,2026-01-01,FB — 12,Threads,Threads feed,1,0,0.00,0.00%,,,0.02
2025-01-01,2026-01-01,FB — 13,Facebook,Facebook Reels,3,0,0.00,0.00%,,,0.01
2025-01-01,2026-01-01,FB — 13,Facebook,Ads on Facebook Reels,9,0,0.00,0.00%,,,0.00
2025-01-01,2026-01-01,FB — 13,Facebook,Feed,29,1,0.10,3.45%,,,0.10
2025-01-01,2026-01-01,FB — 13,Facebook,Search results,2,0,0.00,0.00%,,,0.00
2025-01-01,2026-01-01,FB — 13,Instagram,Feed,1,0,0.00,0.00%,,,0.01
2025-01-01,2026-01-01,FB — 13,Instagram,Instagram Reels,45,0,0.00,0.00%,,,0.19
2025-01-01,2026-01-01,FB — 14,Facebook,Facebook Reels,69,5,0.16,7.25%,,,0.79
2025-01-01,2026-01-01,FB — 14,Facebook,Ads on Facebook Reels,105,0,0.00,0.00%,,,0.08
2025-01-01,2026-01-01,FB — 14,Facebook,Feed,2,1,0.02,50.00%,,,0.02
2025-01-01,2026-01-01,FB — 14,Facebook,Feed,16,3,0.04,18.75%,,,0.12
2025-01-01,2026-01-01,FB — 14,Facebook,Feed,2,0,0.00,0.00%,,,0.00
2025-01-01,2026-01-01,FB — 14,Facebook,In-stream reels,6,1,0.02,16.67%,,,0.02
2025-01-01,2026-01-01,FB — 14,Facebook,Search results,12,0,0.00,0.00%,,,0.00
2025-01-01,2026-01-01,FB — 14,Instagram,Feed,1,0,0.00,0.00%,,,0.01
2025-01-01,2026-01-01,FB — 14,Instagram,Feed,8,1,0.06,12.50%,,,0.06
2025-01-01,2026-01-01,FB — 14,Instagram,Instagram Reels,488,27,0.12,5.53%,,,3.14
2025-01-01,2026-01-01,FB — 14,Instagram,Instagram Stories,76,5,0.21,6.58%,,,1.06
2025-01-01,2026-01-01,FB — 14,Messenger,Messenger Stories,2,0,0.00,0.00%,,,0.00
2025-01-01,2026-01-01,FB — 14,Threads,Threads feed,2,0,0.00,0.00%,,,0.00
2025-01-01,2026-01-01,FB — 15,Facebook,Facebook Reels,24,0,0.00,0.00%,,,0.10
2025-01-01,2026-01-01,FB — 15,Facebook,Ads on Facebook Reels,75,1,0.03,1.33%,,,0.03
2025-01-01,2026-01-01,FB — 15,Facebook,Feed,1,0,0.00,0.00%,,,0.00
2025-01-01,2026-01-01,FB — 15,Facebook,Feed,50,2,0.15,4.00%,,,0.29
2025-01-01,2026-01-01,FB — 15,Facebook,Feed,3,0,0.00,0.00%,,,0.01
2025-01-01,2026-01-01,FB — 15,Instagram,Feed,10,0,0.00,0.00%,,,0.09
2025-01-01,2026-01-01,FB — 15,Instagram,Instagram Reels,65,0,0.00,0.00%,,,0.22
2025-01-01,2026-01-01,FB — 15,Messenger,Messenger Stories,3,0,0.00,0.00%,,,0.01
2025-01-01,2026-01-01,FB — 14,Facebook,Facebook Reels,16,0,0.00,0.00%,,,0.14
2025-01-01,2026-01-01,FB — 14,Facebook,Ads on Facebook Reels,105,2,0.06,1.90%,,,0.11
2025-01-01,2026-01-01,FB — 14,Facebook,Feed,4,0,0.00,0.00%,,,0.02
2025-01-01,2026-01-01,FB — 14,Facebook,In-stream reels,1,0,0.00,0.00%,,,0.00
2025-01-01,2026-01-01,FB — 14,Facebook,In-stream reels,4,0,0.00,0.00%,,,0.00
2025-01-01,2026-01-01,FB — 14,Facebook,Search results,8,0,0.00,0.00%,,,0.00
2025-01-01,2026-01-01,FB — 14,Facebook,Feed: video feeds,1,0,0.00,0.00%,,,0.01
2025-01-01,2026-01-01,FB — 14,Instagram,Feed,1,0,0.00,0.00%,,,0.00
2025-01-01,2026-01-01,FB — 14,Instagram,Instagram Reels,104,3,0.18,2.88%,,,0.54
2025-01-01,2026-01-01,FB — 14,Instagram,Instagram Stories,9,0,0.00,0.00%,,,0.07
2025-01-01,2026-01-01,FB — 14,Messenger,Messenger Stories,3,0,0.00,0.00%,,,0.01
2025-01-01,2026-01-01,FB — 16,Facebook,Facebook Reels,78,1,1.00,1.28%,,,1.00
2025-01-01,2026-01-01,FB — 16,Facebook,Feed,177,1,1.37,0.56%,,,1.37
2025-01-01,2026-01-01,FB — 16,Instagram,Feed,75,0,0.00,0.00%,,,1.10
2025-01-01,2026-01-01,FB — 16,Instagram,Instagram Reels,178,1,0.85,0.56%,,,0.85
2025-01-01,2026-01-01,FB — 16,Instagram,Instagram Stories,77,1,1.12,1.30%,,,1.12
2025-01-01,2026-01-01,FB — 17,Facebook,Facebook Reels,8,0,0.00,0.00%,,,0.04
2025-01-01,2026-01-01,FB — 17,Facebook,Feed,1,0,0.00,0.00%,,,0.00
2025-01-01,2026-01-01,FB — 17,Instagram,Instagram Reels,215,9,0.12,4.19%,,,1.10
2025-01-01,2026-01-01,FB — 17,Instagram,Instagram Stories,2,0,0.00,0.00%,,,0.01
2025-01-01,2026-01-01,FB — 17,Messenger,Messenger Stories,3,0,0.00,0.00%,,,0.00
2025-01-01,2026-01-01,FB — 18,Facebook,Facebook Reels,3,0,0.00,0.00%,,,0.02
2025-01-01,2026-01-01,FB — 18,Facebook,Search results,1,0,0.00,0.00%,,,0.00
2025-01-01,2026-01-01,FB — 18,Instagram,Instagram Reels,162,2,0.34,1.23%,,,0.67
2025-01-01,2026-01-01,FB — 18,Instagram,Instagram Stories,1,0,0.00,0.00%,,,0.00
2025-01-01,2026-01-01,FB — 19,Facebook,Ads on Facebook Reels,2,0,0.00,0.00%,,,0.00
2025-01-01,2026-01-01,FB — 19,Facebook,Feed,1,0,0.00,0.00%,,,0.00
2025-01-01,2026-01-01,FB — 19,Facebook,Search results,1,0,0.00,0.00%,,,0.00
2025-01-01,2026-01-01,FB — 19,Instagram,Instagram Reels,1123,57,0.09,5.08%,,,5.04
2025-01-01,2026-01-01,FB — 19,Instagram,Instagram Stories,3,0,0.00,0.00%,,,0.02
2025-01-01,2026-01-01,FB — 20,Facebook,Facebook Reels,1,0,0.00,0.00%,,,0.01
2025-01-01,2026-01-01,FB — 20,Facebook,Feed,1,0,0.00,0.00%,,,0.00
2025-01-01,2026-01-01,FB — 20,Facebook,In-stream reels,1,0,0.00,0.00%,,,0.00
2025-01-01,2026-01-01,FB — 20,Instagram,Instagram Reels,725,32,0.12,4.41%,,,3.74
2025-01-01,2026-01-01,FB — 21,Facebook,Feed,3,1,0.01,33.33%,,,0.01
2025-01-01,2026-01-01,FB — 21,Instagram,Instagram Reels,459,15,0.13,3.27%,,,1.95
2025-01-01,2026-01-01,FB — 21,Instagram,Instagram Stories,2,0,0.00,0.00%,,,0.00
2025-01-01,2026-01-01,FB — 22,Facebook,Facebook Reels,4,0,0.00,0.00%,,,0.02
2025-01-01,2026-01-01,FB — 22,Facebook,Ads on Facebook Reels,1,0,0.00,0.00%,,,0.00
2025-01-01,2026-01-01,FB — 22,Facebook,Feed,3,0,0.00,0.00%,,,0.02
2025-01-01,2026-01-01,FB — 22,Facebook,In-stream reels,2,0,0.00,0.00%,,,0.00
2025-01-01,2026-01-01,FB — 22,Facebook,Search results,10,0,0.00,0.00%,,,0.00
2025-01-01,2026-01-01,FB — 22,Instagram,Instagram Reels,4593,210,0.11,4.57%,2,,22.31
2025-01-01,2026-01-01,FB — 22,Instagram,Instagram Stories,34,1,0.23,2.94%,,,0.23
2025-01-01,2026-01-01,FB — 22,Instagram,Instagram Stories,1,0,0.00,0.00%,,,0.00
2025-01-01,2026-01-01,FB — 22,Messenger,Messenger Stories,100,1,0.00,1.00%,,,0.00
2025-01-01,2026-01-01,INST — 25,Instagram,Feed,5736,136,0.08,2.37%,1,,10.92
2025-01-01,2026-01-01,FB — 23,Facebook,Facebook profile feed,1,0,0.00,0.00%,,,0.00
2025-01-01,2026-01-01,FB — 23,Facebook,Facebook Reels,89,9,0.45,10.11%,,,4.03
2025-01-01,2026-01-01,FB — 23,Facebook,Ads on Facebook Reels,7,0,0.00,0.00%,,,0.00
2025-01-01,2026-01-01,FB — 23,Facebook,Facebook Stories,2,0,0.00,0.00%,,,0.23
2025-01-01,2026-01-01,FB — 23,Facebook,Feed,28,2,0.44,7.14%,,,0.87
2025-01-01,2026-01-01,FB — 23,Facebook,Feed,212,16,0.52,7.55%,,,8.26
2025-01-01,2026-01-01,FB — 23,Facebook,Feed,5,1,0.25,20.00%,,,0.25
2025-01-01,2026-01-01,FB — 23,Facebook,In-stream reels,15,1,0.09,6.67%,,,0.09
2025-01-01,2026-01-01,FB — 23,Instagram,Instagram Reels,78,2,0.91,2.56%,,,1.81
2025-01-01,2026-01-01,FB — 23,Instagram,Instagram Stories,1,0,0.00,0.00%,,,0.01
2025-01-01,2026-01-01,FB — 23,Instagram,Instagram Stories,29,0,0.00,0.00%,,,0.41
2025-01-01,2026-01-01,FB — 23,Messenger,Messenger inbox,22,0,0.00,0.00%,,,0.00
2025-01-01,2026-01-01,INST — 26,Instagram,Feed,1837,10,0.38,0.54%,,,3.82
2025-01-01,2026-01-01,INST — 27,Instagram,Feed,7086,94,0.09,1.33%,,,8.68
2025-01-01,2026-01-01,INST — 28,Instagram,Feed,655,9,0.03,1.37%,,,0.24
,,,,,,,,,1996,,